"label","original_id","title","link","content","date_created","channel_source","channel_specific_source","origin_type","writer_name","editor_name","reporter_name"
"1","080705b7c385405d0cea8f110f7518d417b234a8","Mahasiswa Tewas Gantung Diri di Kamar Kos Gading Serpong","http://news.liputan6.com/read/2510046/mahasiswa-tewas-gantung-diri-di-kamar-kos-gading-serpong","Liputan6.com, Tangerang - John Adam (18), seorang mahasiswa perguruan tinggi swasta di Tangerang ditemukan tewas gantung diri di kamar kos, Kompleks Ruko Newton Barat, Kecamatan Pagedangan, Kabupaten Tangerang.Berdasarkan keterangan petugas keamanan ruko, korban pertama kali ditemukan oleh salah satu tetangga yang juga cleaning service sekitar pukul 11.30 WIB. Saat ditemukan, korban dalam kondisi tergantung di kusen pintu kamarnya.""Sudah dalam keadaan tergantung,"" kata M Ainul, Rabu (18/5/2016).Baca JugaHingga kini, akses masuk ke dalam kamar kos di dalam kontrakan masih dijaga ketat kepolisian. Petugas dari Polsek Pagedangan juga masih di lantai dua lokasi kejadian untuk mengambil jasad korban dan mengumpulkan barang bukti.Sementara, teman-teman korban terlihat menangis meratapi kepergian korban di lantas dasar. ""Jangan tanya-tanya dulu, tolong ya,"" kata salah seorang mahasiswa.","2016-05-18 17:22:00","liputan6","Peristiwa","online","Pramita Tristiawati",,
"3","080c008987ca36ae30146c8d645f545d06e632aa","Mungkinkah RI Pakai Kuota Haji Iran yang Tak Terpakai? Ini Jawaban Menag","http://news.detik.com/berita/3212630/mungkinkah-ri-pakai-kuota-haji-iran-yang-tak-terpakai-ini-jawaban-menag","Jakarta - Kementerian Agama (Kemenag) RI tidak jadi menaikan kuota haji jemaah haji sebesar 10 ribu jemaah. Alasannya karena renovasi Masjidil Haram belum selesai dilakukan sehingga pengurangan jumlah jemaah haji sebesar 20 persen di semua negara masih terjadi. Hal tersebut dilakukan dalam rangka keselamatan para jemaah haji selama di tanah suci.Karenanya, permohonan penambahan kuota jemaah haji asal Indonesia sangat bertolak belakang dengan kondisi yang ada di Masjidil Haram. Menurut Menteri Agama, Lukman Hakim Saifuddin, pemerintah Arab Saudi sangat menekankan pentingnya keselamatan dan kenyamanan seluruh jamaat haji.""Sampai saat ini renovasi di Masjidil Haram belum tuntas sehingga pengurangan kuota yang berlaku di semua negara sebesar 20 persen dari kuota nasional masih diberlakukan. Saya kira permintaan permintaan Pemerintah Indonesia untuk kenaikan kuota haji sangat lumrah karena besar dan panjangnya antrean jemaah haji,"" kata Lukman di kantornya, Selasa (17/5/2016).Terkait jemaah haji Iran yang tidak bisa menunaikan ibadah haji tahun ini, Lukman mengatakan masih akan memantau perkembangan hal tersebut. Namun dirinya tidak bisa menjanjikan akan menggunakan kuota jemaah haji Iran untuk jemaah haji Indonesia karena persiapan yang sangat pendek. Selain itu adanya kesepakatan dengan pemerintah Arab Saudi tentang kuota haji Indonesia yang tidak naik membuat rencana tersebut sulit terlaksana. Namun Kemenag RI terus mengupayakan untuk memperpendek antrean jemaah haji dengan menggunakan kuota haji negara lain yang masih ada sisa kuota.(Baca juga: Jemaah Iran Tak Bisa Naik Haji Tahun Ini, Arab Saudi Tak Mau Disalahkan)""Tentu ini berita yang perlu dan harus diikuti perkembangannya. Karena kita belum tau ke depannya seperti apa. Iran yang tidak mengirim jamaah haji tahun ini tidak bisa kita gunakan karena persiapan yang sangat pendek. Selain itu, ada MoU bahwa dengan pemerintah Saudi bahwa kuota haji tahun ini sama dengan tahun lalu,"" ujar Lukman.Sebelumnya, pemerintah Iran dan pemerintah Arab Saudi gagal mencapai kata sepakat mengenai pengaturan jemaah haji untuk musim haji tahun ini. Hal tersebut akibat pemutusan hubungan diplomasi Iran dan Arab Saudi pada Januari lalu.(Baca juga: Menag: Ongkos Haji 2016 Turun USD 132, Tak Ada Penambahan Kuota)						(hri/hri)","2016-05-17 10:04:00","detik","Berita","online",,"(hri/hri)",
"3","081aa6fd3faf25299688bc976019fa75be6ce092","Program 100 Hari Setya Novanto Pimpin Golkar","http://news.liputan6.com/read/2509265/program-100-hari-setya-novanto-pimpin-golkar","Liputan6.com, Jakarta - Setya Novanto langsung bergerak menyusun program begitu resmi menjadi Ketua Umum Partai Golkar. pria yang akrab disapa Setnov itu mencanangkan program 100 hari untuk masa bakti yang hanya 3 tahun.Pertama, Setnov ingin memastikan proses rekonsiliasi berjalan baik dan tepat waktu dari pusat maupun daerah. Rekonsiliasi ini menjadi bagian dari konsolidasi total yang dijalankan.""Totalitas pengabdian terhadap Partai Golkar sehingga tidak setengah dan rangkap jabatan. Keluarga saya juga sudah mengikhlaskan dan mewakafkan saya untuk perjuangan Golkar,"" kata Setnov di BNDCC, Bali, Selasa (17/5/2016).Kemudian, kunjungan ke setiap daerah juga akan dilaksanakan. Hal ini berkaitan dengan persiapan pilkada serentak 2017.Baca Juga""Pilkada saya menolak mahar politik atau politik mahar karena ini kendala dalam mendapat calon terbaik. Saya akan memberi bantuan konsultan independen yang biasa memenangkan pilkada,"" lanjut dia.Setya Novanto menambahkan, pihaknya akan belajar dari pengalaman ketua umum sebelumnya untuk membawa Golkar maju.""Saya belajar dari Bang Akbar Tandjung bagaimana menyelamatkan Golkar masa reformasi meraih kemenangan 2004. Dengan Pak JK (Jusuf Kalla) menyelesaikan masalah bangsa dan negara secara cepat dan akurat. Dengan Bang ARB (Aburizal Bakrie) belajar bagaimana menjadi pemimpin bijaksana, memiliki visi jauh ke depan,"" pungkas Setya Novanto.","2016-05-17 19:28:00","liputan6","Politik","online","Ahmad Romadoni",,
"2","081ac205d405665083f7d4c4b9c6ea6c7e2a8e0a","Hot Sport: Masyarakat Indonesia Sangat Cinta Bulutangkis","http://news.okezone.com/read/2016/05/17/40/1390928/hot-sport-masyarakat-indonesia-sangat-cinta-bulutangkis","BULUTANGKIS saat ini masih menjadi salah satu cabang olahraga yang diandalkan Indonesia. Dukungan masyarakat Tanah Air tak henti-hentinya mengalir bagi para pebulutangkis Indonesia. Dukungan yang luar biasa kembali terlihat saat ini, saat Piala Thomas dan Uber 2016 sedang berlangsung.Pebulutangkis putri Indonesia, Greysia Polii, sedang berjuang bersama para pemain lainnya di Piala Thomas dan Uber 2016. Momen yang ada saat ini membuat Greysia teringat masa-masa perhelatan Piala Thomas dan Uber delapan tahun silam.Piala Uber 2008 berlangsung di Istora Senayan, Jakarta. Menurut Greysia, saat itu ia begitu merinding melihat betapa besarnya dukungan masyarakat Indonesia kepada bulutangkis. Ia merasa bulutangkis benar-benar dicintai oleh masyarakat Tanah Air.Greysia mengaku sangat merinding ketika melihat ke seluruh sisi stadion. Ia kagum melihat ribuan orang sedang mengelu-elukan nama Indonesia sambil mengibarkan bendera Merah-Putih.Pebulutangkis berusia 28 tahun itu terasa seperti kehabisan kata-kata untuk menggambarkan situasi saat itu. Bahkan, ia merasa ingin menitikkan air mata karena terharu melihat begitu besar dukungan masyarakat kepada para atlet. Menurutnya, masyarakat Indonesia sangat mencintai bulutangkis.Mengingat luar biasanya dukungan tersebut, Greysia bertekad kembali memberikan yang terbaik pada Piala Uber 2016. Ia berharap, pada perhelatan tahun ini, Tim Uber Indonesia bisa memberikan yang lebih baik ketimbang tahun-tahun sebelumnya.										window._ttf = window._ttf || [];										_ttf.push({											   pid          : 33022											   ,lang        : 'en'											   ,slot        : '#contentx p'											   ,format      : 'inread'											   ,mobile      : false											   ,minSlot     : 2											   ,components  : { mute: {delay :0}, skip: {delay :0} }											   ,css         : 'margin: 15px 0px;'										});										(function (d) {												var js, s = d.getElementsByTagName('script')[0];												js = d.createElement('script');												js.async = true;												js.src = '//cdn.teads.tv/media/format.js';												s.parentNode.insertBefore(js, s);										})(window.document);","2016-05-17 12:14:00","okezone","netting","online","Zanel Farha Wilda",,
"4","081b2a223e95fb4ded80714091367c6e4ac941ed","Kini Aplikasi Telegram Bisa Edit Pesan Terkirim, Caranya?","http://tekno.liputan6.com/read/2508261/kini-aplikasi-telegram-bisa-edit-pesan-terkirim-caranya","Liputan6.com, Jakarta - Seringkali ketika mengetik pesan singkat di smartphone kita mengalami typo alias salah ketik kepada lawan bicara. Pengirim pesan pun berharap bisa mengubah isi pesannya.Kini, aplikasi olah pesan asal Rusia, Telegram menghadirkan fitur edit pesan yang telah dikirim.Baca JugaSeperti dilaporkan Venture Beat, Selasa (17/5/2016), telah merilis pembaruan aplikasi. Kini, penggunanya bisa mengubah isi pesan meski pesan tersebut sudah dikirim.Dikatakan, fitur ini bisa bekerja untuk seluruh jenis chat, baik itu grup chat maupun obrolan antarindividu. Bagaimana caranya?Pertama buka kontak teman yang hendak Anda kirimi pesan. Setelah itu ketik pesan yang hendak Anda kirimkan dan pilih tanda kirim yang berbentuk segitiga di samping kanan ruang pengetikan.Kemudian, setelah terkirim dan Anda ingin mengubah isi pesan, ketuk dan tahan pada pesan yang akan diubah. Selanjutnya akan muncul pilihan balas, copy, forward, edit dan hapus yang menunjukkan perintah untuk menanggapi pesan.Untuk mengubah, pilih edit. Lalu tuliskan di ruang pengetikan pesan baru yang Anda kirim. Kemudian kirim kembali pesan ke penerima. Nantinya, pesan yang sudah diubah akan diberi catatan 'edited' artinya pesan yang dikirimkan sudah diubah oleh pengirim pesan. Cukup mudah bukan?Tidak hanya itu, dengan pembaruan fitur dari Telegram, pengguna juga bisa me-mention seorang teman yang ada pada group chat. Hal ini memungkinkan pesan kita terbaca tepat oleh orang yang di-mention.Bagaimana caranya?Pertama, buka pesan group chat kemudian mention orang yang hendak kita kirimi pesan dengan memberi tanda @ lalu ketikkan nama teman yang ingin dituju.Secara otomatis, pada pesan yang dikirimkan akan muncul nama teman yang sudah di-mention.Sebelumnya, BlackBerry Message (BBM) juga telah memiliki fitur seperti ini. Sementara aplikasi olah pesan lain seperti WhatsApp, Facebook Messenger, dan WeChat belum memungkinkan pengguna untuk mengubah pesan yang dikirimkan. (Tin/Cas)","2016-05-17 18:45:00","liputan6","Tech News","online","Agustin Setyo Wardani",,
"1","082d8626e3b07587d1543ff589318a4ad5f66da4","KRL Anjlok, Penumpang Disilakan Ganti Transportasi","http://metro.news.viva.co.id/news/read/773682-krl-anjlok-penumpang-disilakan-ganti-transportasi","VIVA.co.id – Kereta Rel Listrik (KRL) jurusan Bogor-Tanah Abang, mengalami anjlok di perlintasan Manggarai yang mengarah ke stasiun Sudirman. Akibat peristiwa ini, jalur kereta ini belum bisa dilintasi karena KRL KA 1517 masih dalam proses evakuasi agar jalur itu bisa kembali digunakan. Selama KRL belum dipindahkan, jalur Manggarai - Tanah Abang akan dilalui menggunakan satu jalur secara bergantian, sehingga dipastikan terjadi gangguan pada jadwal perjalanan KRL.Gangguan jadwal perjalanan ini akan berimbas pada penumpang KRL. Untuk itu, PT KAI Commuter Jabodetabek (KCJ) mempersilakan penumpang yang terburu-buru, agar menggunakan moda transportasi lain.""Bagi pengguna jasa yang telah melakukan transaksi tiket namun tidak dapat menunggu dan akan berpindah menggunakan moda transportasi lain, diperkenankan untuk melakukan pengembalian tiket atau clear card untuk KMT pada loket yang tersedia,"" ucap Humas PT KCJ, Eva Chairunnisa saat dikonfirmasi, Rabu, 18 Mei 2016Sementara bagi penumpang yang memilih tetap menggunakan KRL, diharapkan tidak memaksakan diri menjejali kereta yang sudah penuh. Eva meminta agar penumpang mengutamakan keselamatan diri.""Pengguna jasa yang tetap akan menggunakan jasa KRL kami imbau agar tetap memperhatikan keselamatan dan keamanan dengan tidak memaksakan diri untuk masuk, apabila KRL telah penuh dan menunggu KRL selanjutnya, terang Eva.Sementara itu, akibat terganggunya jadwal perjalanan, dari pantauan VIVA.co.id di Stasiun Citayam, Bogor, Jawa Barat, terjadi penumpukan pengguna KRL.Sejak pukul 07.00 WIB hingga saat ini, di stasiun ini baru dua kereta yang melintas sehingga penumpang di dalam KRL pun terlihat membeludak.","2016-05-18 08:32:00","vivanews","METRO","online","Aryo Wicaksono,Agus Rahmat",,
"2","0832e4443123afd36bf0c93f04155416befe49a7","Absen di Tes Sirkuit Katalunya, Sinyal Manor Depak Rio Haryanto","http://bola.liputan6.com/read/2510048/absen-di-tes-sirkuit-katalunya-sinyal-manor-depak-rio-haryanto","Liputan6.com, Barcelona - Absennya Rio Haryanto dalam dua hari tes mobil di Sirkuit Katalunya, Selasa dan Rabu (17-18 Mei 2016) menimbulkan tanda tanya. Ternyata, masalah keuangan menjadi alasan Rio tidak berpartisipasi bersama Manor Racing.Ya, pada hari pertama kemarin, Manor memilih Pascal Wehrlein untuk mencoba pengembangan pada mobil MRT05. Sedangkan pada hari kedua, Manor justru menunjuk pembalap muda, Jordan King ketimbang Rio.Baca Juga""King yang menguji mobil hari ini karena Manor ingin menguji kemampuannya. Selain itu Manor juga masih menunggu kejelasan dari Rio terkait pelunasan pembayaran untuk sisa musim,"" ujar manajer Rio Haryanto, Piers Hunnisett saat dihubungi Liputan6.com.""Tentu saja ada tekanan dari pihak Manor pada Rio dengan turunnya King. Mereka ingin pembayaran secepatnya,"" ujarnya menambahkan.Meski demikian Piers mengungkapkan pembalap asal Solo itu tidak berdiam diri dirumah. Ia tetap datang ke sirkuit untuk berdiskusi dengan tim mekanik.""Saya pikir mental Rio tidak terganggu meski belum ada solusi soal pendanaan. Dia sangat fokus pada setiap balapan,"" ujar Piers.Saat ini Rio baru membayar delapan juta euro dari 15 juta yang diminta Manor. Artinya, Rio terancam tidak mengikuti F1 setelah GP Hungaria.""Ya bisa dibilang GP Hungaria menjadi ajang terakhir Rio jika dananya tidak terkumpul,"" ujar Piers.","2016-05-18 20:10:00","liputan6","Sports","online","Adyaksa Vidi",,
"1","0846cf11910a09ceae788fa904493f89a7e42217","Gudang Penyimpanan Pupuk Ludes Terbakar","http://news.okezone.com/read/2016/05/18/340/1391922/gudang-penyimpanan-pupuk-ludes-terbakar","PADANG - Sebuah bangunan yang dipakai Dinas Pertanian Peternakan Perkebunan dan Kehutanan Kota Padang di komplek Balai Penyuluhan Pertanian (BPP) Nanggalo, di Jalan Kopi 1, Kelurahan Surau Gadang, Kecamatan Nanggalo ludes terbakar.“Bangunan ini menyimpan pupuk, racun hama tanaman, serta peralatan pertanian lainya. Saat kejadian saya lagi di luar komplek ini yang tak jauh dari kejadian,” kata Suwardi Chaniago (64) penjaga BPP di lokasi kejadian, Rabu (18/5/2016)Dari luar kata Suwardi, asap tebal warna hitam dari dalam komplek ini keluar, ternyata bangunan penyimpanan peralatan pertanian terbakar pada pukul 16.30 WIB tadi. “Api cepat membakar bangunan ini karena musim panas,” ujarnya.Tiga unit mobil pemadam kebakaran dikerahkan untuk memadamkan api yang melalap bangunan 48 meter persegi tersebut. Namun isi dalam gudang itu tidak ada yang bisa diselamatkan, aroma racun di dalam gudang tersebut cukup menyengat hidung, warga yang menyaksikan ke jadian itu langsung menjauh karena racun yang terbakar sangat berbahaya.Sementara, data dari Badan Penanggulangan Bencana Daerah dan Pemadam Kebakaran Kota Padang, dugaan penyebab kebakaran arus pendek. Saat terjadi kebakaran, tidak ada orang yang berada di sekitar lokasi kejadian. Kerugian ditaksir sekira Rp300 juta.","2016-05-18 12:03:00","okezone","nusantara","online","Rus Akbar",,
"1","08499e1e7eea36b6d9f9c81d9709bbba88ef584b","Data Pembanding Korban Longsor Air Terjun Dua Warna Minim","http://nasional.news.viva.co.id/news/read/773248-data-pembanding-korban-longsor-air-terjun-dua-warna-minim","VIVA.co.id – Kepolisian Daerah Sumatera Utara menyayangkan minimnya data ante mortem atau pembanding untuk korban bencana longsor di lokasi wisata Air Terjun Dua Warna Sibolangit.Kebutuhan itu untuk melengkapi data yang telah didapat tim DVI Polda Sumatera Utara terhadap para korban longsor dan banjir bandang di Air Terjun Dua Warna tersebut. “Kesulitannya adalah kurangnya data ante mortem, khususnya sidik jari yang asli. Makanya, kami sudah mengimbau kepada keluarga korban untuk mencari data-data itu,"" kata Kepala RS Bhayangkara Medan, Komisaris Besar Polisi Farid Amansyah, Senin malam, 16 Mei 2016.Sidik jari tersebut, Farid menjelaskan, bisa didapat dari sejumlah dokumen lama milik para korban sebelum longsor dan bandang di Air Terjun Dua Warna. Seperti ijazah asli, kartu tanda penduduk, atau surat izin mengemudi asli. ""Kalau sudah ada segera diberikan ke kami agar bisa direkonsiliasikan,” katanya.Farid mengatakan, saat ini, sejumlah jenazah memang sudah berhasil dikenali keluarga melalui ciri fisiknya. Namun, karena ketiadaan data ante mortem itu, proses identifikasi berupa rekonsiliasi dengan data post mortem belum bisa dilakukan.“Kami tidak mempersulit. Begitu memang data-datanya ada dan berhasil kami cocokkan, seperti yang satu korban sudah kami pulangkan, pasti kami langsung buatkan berita acara penyerahannya pada keluarga. Kami juga senang kalau lebih cepat direkonsiliasi dan lebih cepat dibawa oleh keluarga,” katanya.Bencana longsor dan banjir bandang di lokasi wisata Air Terjun Dua Warna terjadi pada Minggu 15 Mei 2016. Akibat kejadian itu, sebanyak 76 orang menjadi korban.Dari jumlah itu, sebanyak 17 orang dipastikan meninggal dan telah dievakuasi. Sementara itu, empat lainnya masih belum ditemukan. Untuk sisanya dinyatakan selamat dan telah dievakuasi ke pos medis setempat.","2016-05-17 11:21:00","vivanews","NASIONAL","online","Harry SiswoyoPutra Nasution (Medan)",,
"1","084c0325b36177520f780e27323c6991b41fa281","Jenazah TKW asal Malang Dipulangkan dari Hongkong","http://news.detik.com/berita-jawa-timur/3213598/jenazah-tkw-asal-malang-dipulangkan-dari-hongkong","Malang - Jenazah TKW yang meninggal di Hongkong 3 Mei 2016 lalu, Suwedaring Asri (37) akan dipulangkan ke kampung halamannya Dusun Sipelot RT 22 RW 05 Desa Pujiharjo, Kecamatan Tirtoyudo, Kabupaten Malang, hari ini, Rabu (18/5/2016).Kepala Desa Pujiharjo Hendik Arso Hadi Winulyo memperkirakan jenazah akan tiba di Bandara Juanda sekitar pukul 22.00 wib, dengan menumpang pesawat Cathay Pacific Airways CX-781 berangkat pukul 15.30 waktu Hong Kong.""Perkiraan kami tiba di sini (Pujiharjo,red) pukul 3 dini hari. Rencana pemakaman besok paginya,"" ungkap Hendik kepada detikcom.Hendik mengatakan, perwakilan keluarga sudah bertolak menuju Juanda untuk proses penjemputan jenazah. Setahu dia, korban berstatus janda memiliki satu anak yang kini berusia 15 tahun.""Kami akan memperjuangkan bagaimana putra korban bisa tetap melanjutkan sekolah. Apakah itu dari asuransi atau hak yang seharusnya diberikan kepada korban,"" kata Hendik.Suwedaring ditemukan meninggal setelah jatuh dari lantai empat rumah majikannya yang tinggal di Federal Mansion, Sham Shui Po, Selasa (3/5) lalu. Upaya pemulangan jenazah korban sempat mengalami beberapa masalah, karena memiliki dua identitas. Yakni, selain di Kabupaten Malang, korban juga mempunyai alamat di Dusun Centong, RT 04/RW 01, Desa Sawentar, Kecamatan Kanigoro, Kabupaten Blitar, sebagaimana tertera dalam paspor.""Dari kabar atau laporan yang diterima keluarga diketahui korban meninggal karena bunuh diri. Namun kami (Pemdes,red) akan siap membantu ketika keluarga menginginkan untuk dilakukan otopsi ulang,"" tegas dia.Suwendaring menjadi TKW berangkat melalui PT Sampeang Alifid Mandiri (SAM) pada 2002 silam. Korban menjadi buruh migran ketiga asal Kabupaten Malang yang meninggal di Hong Kong dan Cina sejak Januari hingga Mei 2016 serta menambah TKW asal Jawa Timur keenam yang meninggal dalam periode yang sama.Selain korban, TKW asal Kabupaten Malang lain adalah Eka Suryani, warga Dusun Mulyosari RT22/RW 08, Desa Mulyosari, Kecamatan Donomulyo, serta Winingsih Wiloyo, warga Dusun Sumbertimo RT 07 RW 01, Desa Arjosari, Kecamatan Kalipare.Eka aslinya bekerja di Hong Kong tapi meninggal di Fujian, Cina, pada 23 Januari 2016 dan dimakamkan di kampungnya pada 25 Februari 2016. Sedangkan Winingsih meninggal pada akhir Februari dan dipulangkan pada 6 Maret 2016.						(fat/fat)","2016-05-18 11:38:00","detik","Berita-jawa-timur","online",,"(fat/fat)",
"1","0859c53c01b5c9fce1fc8ae5042ce541e6eefb75","VIDEO: Jelang Eksekusi Jilid III, 14 Peti Mati Dipesan","http://tv.liputan6.com/read/2509880/video-jelang-eksekusi-jilid-iii-14-peti-mati-dipesan","Liputan6.com, Cilacap - Pelaksanaan eksekusi terpidana mati jilid tiga di Lembaga Pemasyarakatan (Lapas) Nusakambangan, Cilacap, Jawa Tengah semakin dekat. Tanda-tandanya, salah satunya dari penyedia peti mati diminta menyediakan 14 buah peti.Seperti ditayangkan Liputan 6 Siang SCTV, Rabu (18/5/2016), dalam beberapa hari terakhir kesibukan di Yayasan Eka Pralaya di Kompleks Pasar Wage Purwokerto mulai meningkat. Bahkan yayasan telah menambah satu tenaga tukang untuk merampungkan pesanan.Hal ini bukannya tanpa alasan karena beberapa waktu lalu Yayasan Eka Pralaya didatangi orang yang berniat memesan peti mati dengan jumlah yang tidak biasa, yaitu 14 buah peti mati.Baca JugaOrang yang diduga dari pihak lapas itu juga menanyakan jenis kayu dan harga per unit peti mati.""Datang ke sini lihat-lihat. Katanya untuk eksekusi di Nusakambangan butuh 14 peti kalau cocok. Tapi sampai sekarang belum ada kepastian,"" kata Ketua Yayasan Eka Pralaya Fam Tsu Tjoeng.Sementara itu, pemerintah belum menentukan jadwal termasuk daftar terpidana yang akan menghadapi eksekusi mati.Pemerintah juga berharap tidak akan ada keberatan dari negara asal para terpidana seperti eksekusi tahap sebelumnya.""Memang ada tekanan. Katakanlah tekanan bahwa supaya jangan dilakukan. Ya wong hukum positif kita gitu. Seperti saya bilang tadi, ubah aja dulu hukumnya itu,"" kata Menko Polhukam Luhut Binsar Pandjaitan.Hingga kini Kejaksaan Agung sebagai pihak eksekutor masih menyimpan nama-nama para terpidana yang akan dihadapkan kepada regu tembak. Meski Jaksa Agung sudah mengisyaratkan bila mereka yang akan dieksekusi adalah para terpidana mati kasus narkoba.","2016-05-18 15:27:00","liputan6","Liputan6 Siang","online","Liputan6",,
"2","085d5e29a19fba77b48e42d12e4e333ccc1fbcc6","Tim Piala Thomas Indonesia Gilas Thailand 4-1","https://sport.tempo.co/read/news/2016/05/18/100771973/tim-piala-thomas-indonesia-gilas-thailand-4-1","TEMPO.CO, Jakarta - Tim Thomas Indonesia sukses mengalahkan Thailand dengan skor 4-1 pada laga penyisihan Grup B Piala Thomas 2016 di Kunshan, Selasa, 17 Mei 2016. Indonesia sementara masih berada di puncak klasemen Grup B, diikuti Thailand, Hong Kong, dan India.    Satu poin yang lepas dari tangan Indonesia adalah partai keempat. Pasangan ganda putra, Kevin Sanjaya Sukamuljo/Markus Fernaldi Gideon, ditaklukkan Puavaranukroh Dechapol/Bodin Issara, 14-21, 21-11, 17-21.    “Thailand memang mengincar kemenangan di tunggal pertama dan ganda kedua. Tipe permainan Kevin/Markus sama dengan lawan. Kevin/Markus tidak dapat tempo permainannya, lawan juga mengubah permainan menjadi cepat, dan Kevin/Marcus terbawa irama permainan lawan,” kata manajer tim Piala Thomas dan Uber Indonesia, Rexy Mainaky.    Indonesia menambah poin kemenangan lewat Anthony Sinisuka Ginting yang turun di partai terakhir melawan Adulrach Namkul. Pemain jebolan klub SGS PLN Bandung ini menang dengan skor 21-18, 21-19.   “Ini pertama kalinya saya bermain di Piala Thomas, jadi baru membaca arah angin. Walaupun tim Indonesia sudah pasti menang, saya tetap punya keinginan menang, tidak mau kalah,” ujar Anthony.    Masih ada satu laga penyisihan yang akan dilakoni tim Thomas Indonesia di Grup B. Tim Thomas India akan menjadi lawan Indonesia pada Rabu, 18 Mei 2016, pukul 13.30 waktu Kunshan.    Berikut ini hasil pertandingan tim Piala Thomas Indonesia vs Thailand (4-1):   Tommy Sugiarto vs Tanongsak Saensomboonsuk 24-22, 21-18  Angga Pratama/Ricky Karanda Suwardi vs Kedren Kittinupong/Nipitphon Puangpuapech 20-22, 21-10, 21-12  Jonatan Christie vs Khosit Phetpradab 15-21, 21-8, 21-17  Kevin Sanjaya Sukamuljo/Markus Fernaldi Gideon vs Puavaranukroh Dechapol/Bodin Issara 14-21, 21-11, 17-21  Anthony Sinisuka Ginting vs Adulrach Namkul 21-18, 21-19  PBSI | GADI MAKITAN","2016-05-18 10:43:00","tempo","sport","online",,,
"1","085e8bb072d194d1df79d627823a22b9a631c6e1","Diisukan Bersama Putri Sultan, Garin: Saya Seharian di Solo","https://nasional.tempo.co/read/news/2016/05/17/058771552/diisukan-bersama-putri-sultan-garin-saya-seharian-di-solo","TEMPO.CO, Yogyakarta - Sineas kawakan yang kini mencalonkan diri sebagai calon Wali Kota Yogyakarta dari jalur perseorangan, Garin Nugroho, menanggapi santai isu miring soal penggerebekannya bersama putri sulung Raja Keraton Yogyakarta Sri Sultan Hamengku Buwono X, Gusti Kanjeng Ratu (GKR) Mangkubumi. ""He-he-he, saya dari pagi mengajar pasca sarjana di ISI (Institut Seni Indonesia) Solo,"" ujarnya kepada Tempo, Senin malam, 16 Mei 2016.  Sebelumnya beredar isu bahwa Garin digerebek di sebuah apartemen sedang bersama GKR Mangkubumi. Informasi itu juga menyebutkan penggerebekan langsung dilakukan suami GKR Mangkubumi, Kanjeng Pangeran Hario Wironegoro.   ""Setelah mengajar, saya dari sore sampai malam harinya melihat ujian teater Mas Yusril (rekan Garin) di Pascasarjana ISI Solo,"" ucap Garin.   Garin juga mengirimkan sejumlah foto kepada Tempo, antara lain foto tentang sebuah pertunjukan teater, suasana penonton, dan diskusi Garin dengan sejumlah tokoh yang ditemuinya di Solo. ""Sampai sekarang (menjelang tengah malam), saya juga masih di Solo, karena ujian mas Yusril baru selesai,"" ujarnya.  Dia tak menggubris isu yang menyudutkannya itu atau mengkaitkannya dengan pencalonannya sebagai Wali Kota Yogyakarta. ""Ha-ha-ha, santai saja. Selama kami bekerja untuk melayani warga, tak perlu khawatir (black campaign),"" tuturnya.   Garin menyatakan tak berencana melacak atau membawa kasus ini ke ranah hukum. ""Anjing menggonggong kafilah tetap pada tujuan,"" katanya. Saat ini dia fokus bekerja melayani warga. ""Mengajar, berkarya, bertemu dengan komunitas, sharing informasi berbangsa.""   Menurut Garin, politik kotor akan muncul ketika kekuasaan menjadi tujuan dengan menghalalkan segala cara.  Sebelumnya, GKR Mangkubumi membantah dan justru tertawa terbahak saat dikonfirmasi ihwal isu itu. ""Ha-ha-ha, aneh-aneh aja sih. Ngawur banget,"" ujar Mangkubumi.  Dia tak habis pikir dan penasaran mengapa bisa beredar kabar seperti itu. ""Murahan banget, ya?"" ucapnya.  PRIBADI WICAKSONO","2016-05-17 08:37:00","tempo","nasional","online",,,
"1","085ecd7a8ff140721bab910f3f3e0dd025fc16fc","Polisi: Polantas Boleh Menindak Walau Tak Pakai Papan Pengumuman Razia","http://news.detik.com/berita/3212289/polisi-polantas-boleh-menindak-walau-tak-pakai-papan-pengumuman-razia","Jakarta - Kegiatan operasi kepolisian, contohnya Operasi Patuh Jaya, wajib dilengkapi papan pengumuman pemeriksaan atau razia. Tetapi, kegiatan penindakan rutin yang dilakukan sehari-hari di luar operasi, boleh tidak menggunakan papan pengumuman.""Kegiatan polisi itu ada yang namanya operasi dan ada juga kegiatan rutin yang dilaksanakan setiap hari. Kalau operasi harus pakai papan pengumuman, tetapi kalau kegiatan rutin tidak pakai papan pengumuman juga tidak apa-apa,"" jelas Kasubdit Pembinaan dan Penegakan Hukhm Ditlantas Polda Metro Jaya AKBP Budiyanto kepada detikcom, Selasa (17/5/2016).Budiyanto mengatakan, di luar kegiatan operasi, polisi punya diskresi untuk melakukan penindakan seperti memberhentikan pengendara lalu lintas yang melanggar lalu lintas.""Polisi boleh melakukan penindakan, kita kan diberikan kewenangan untuk menindak apabila terjadi pelanggaran yang dilakukan pengendara,"" ungkapnya.Penindakan itu, lanjut Budiyanto bisa dilakukan secara stasioner di pos-pos lantas atau dengan cara hunting. ""Situasi lalu lintas itu kan dinamis, sesuai kerawanan, posisi petugas bisa berubah-ubah, tidak selalu harus di pos. Dia boleh hunting di tempat-tempat rawan,"" imbuhnya.Soal surat tugas dalam melakukan penindakan, lanjut dia, adalah suatu keharusan bagi setiap anggota yang melakukan tugas baik penjagaan, pengaturan sampai penindakan.""Ada dong (surat tugas), itu SOP dalam bentuk razia stasioner harus ada sprint tugas, papan razia, dan perwira pengawas. Harus ada papan karena menyangkut keamanan,"" lanjutnya.Dan tentunya, setiap pengendara yang diberhentikan polisi juga boleh menanyakan surat tugas tersebut kepada polisi. ""Boleh dong menanyakan surat tugas,"" pungkasnya.						(dra/dra)","2016-05-17 05:18:00","detik","Berita","online",,"(dra/dra)",
"5","086296cfe5dd4a760f03a7183e5cbd16fbd4cf52","Penyebab dan Cara Obati Kanker Lidah","http://log.viva.co.id/news/read/773841-penyebab-dan-cara-obati-kanker-lidah","VIVA.co.id – Kanker lidah merupakan tumor ganas yang menyerang pada lidah yang disebabkan oleh pertumbuhan sel pada lidah yang tak terkendali.Kanker lidah sering tumbuh dan berkembang pada sel-sel skuamosa yang ada di permukaan lidah. Jenis kanker lidah ini disebut dengan istilah karsinoma sel skuamosa.Lidah sendiri terdiri dari 2 bagian yaitu bagian depan yang terletak dalam mulut dan bagian pangkal yang terletak di dekat tenggorokan. Kanker lidah dapat berkembang pada 2 bagian tersebut. Untuk lebih jelasnya, simak berikut ini penjelasannya. Baca selengkapnya...","2016-05-18 13:24:00","vivanews","VLOG","online","Dian Lestari Ningsih",,
"1","08716d02dcd63ba7d29c5ad710bce03d87dc27d7","Sidang Pencurian Listrik Daeng Azis Ditunda Pekan Depan","http://news.liputan6.com/read/2509934/sidang-pencurian-listrik-daeng-azis-ditunda-pekan-depan","Liputan6.com, Jakarta - Sidang perkara pencurian listrik yang dilakukan pentolan Kalijodo, Abdul Azis atau Daeng Azis ditunda hingga Selasa 24 Mei 2016. Sebab, saksi yang rencananya dihadirkan jaksa penuntut umum (JPU) tidak menghadiri persidangan.""Sidang dengan nomor perkara 4048, pidana khusus, dibuka,"" ujar Hakim Hasoloan Sianturi di Pengadilan Negeri Jakarta Utara, Rabu (18/5/2016).Hakim lalu mempersilakan JPU menghadirkan saksi sebagaimana dalam agenda persidangan. Namun, jaksa penuntut umum Melda Siagian mengatakan, ia tak mampu menghadirkan saksi.""Kami sudah berulangkali memanggil para saksi, namun sampai kini mereka tak bisa datang karena halangan,"" ujar Melda sembari membawa beberapa berkas pada hakim.Daeng Azis yang mengenakan baju rapi dan sepatu pantofel putih langsung mendekati hakim untuk melihat berkas itu. Setelah melihat berkas, jaksa mengajukan penundaan sidang kasus pencurian listrik hingga Selasa depan.Baca JugaAzis menyetujui. Dia lalu mengatakan perlu menghadirkan saksi kunci dari pihaknya. ""Saya mohon pada jaksa untuk menghadirkan saksi mahkota,"" ujar Azis.Dia lalu memberikan secarik kertas pada jaksa dan sidangpun diputuskan untuk ditunda satu pekan dengan agenda yang masih sama, yakni mendengar keterangan saksi.""Sidang ditunda hingga Selasa,"" tutup Hakim dengan mengetuk palu.JPU berdalih, ke 8 saksi yang bakal mereka hadirkan sudah berkali-kali dipanggil, tapi merek tidak bisa hadir karena alasan tertentu.""Kami sudah berkali-kali memanggil mereka, tapi nggak bisa hadir, ada halangan,"" ujar Melda yang ditemui setelah persidangan.Dalam surat permintaan saksi dari Azis, ada 4 nama yang ia masukkan dalam daftar. Mulai dari nama Ari, Yanto, Sanai, dan Welly. Nama terakhir, adalah saksi yang menurut Azis petugas PLN.Azis mengaku membayar Welly sebesar Rp 17 juta untuk memasang Miniature Circuit Breaker (MCB), dan denda pemasangan sebesar Rp 69 juta di kafe Intan miliknya.Pentolan Kalijodo itu dijerat Pasal 51 ayat 3 UU Nomor 30 Tahun 2009 Tentang Ketenagalistrikan. Daeng Azis terancam dikurung selama 7 tahun penjara dan denda hingga Rp 3 miliar lebih.","2016-05-18 15:49:00","liputan6","Peristiwa","online","Muslim AR",,
"2","08bbe4ffd12b01c1dd57c68979a9509ae81bac5a","Ducati Pilih Dovi Jadi Pendamping Lorenzo, Iannone Kecewa","http://bola.liputan6.com/read/2509631/ducati-pilih-dovi-jadi-pendamping-lorenzo-iannone-kecewa","Liputan6.com, Mugello - Ducati telah mengumumkan pendamping Jorge Lorenzo untuk musim balap MotoGP 2017 dan 2018. Juara dunia MotoGP musim lalu itu akan bermitra dengan Andrea Dovizioso di Ducati.Pabrikan motor asal Italia itu menendang Andrea Iannone. Ducati merasa keputusan itu sulit dibuat. ""Tidak pernah mudah mengambil keputusan seperti ini, terutama ketika Anda memiliki dua pembalap hebat seperti dua Andrea di tim Anda,"" kata manajer umum Ducati, Gigi Dalla'Igna.Baca JugaGigi Dalla'Igna juga sudah meminta maaf kepada Iannone. Ducati juga bersedia memberikan yang terbaik untuk Iannone di sisa pengabdiannya.Meski Ducati sudah meminta maaf, Iannone masih belum bisa menerima keputusan tersebut. Pembalap asal Italia itu kecewa tidak bisa menjadi rekan duet Lorenzo.""Jelas kecewa. Sebab, waktu saya bertugas di Ducati tinggal sebentar lagi. Tapi saya harus berterima kasih kepada mereka yang sudah memberikan kesempatan dalam beberapa tahun terakhir,"" katanya, dikutip dari Fox Sports Asia.Iannone punya banyak kenangan manis bersama Ducati. Sejak debutnya di MotoGP pada 2013 hingga sekarang, dia tetap setia bersama tim yang identik dengan warna merah tersebut.""Saya membuat debut MotoGP bersama Ducati dan saya juga berkembang berkat mereka. Setiap tahunnya saya selalu berhasil dalam meningkatkan kinerja,"" ujar pembalap berusia 26 tahun tersebut.Di balapan tersisa pada musim ini, Iannone berjanji bakal memberikan semuanya untuk Ducati. Dia tak mau mengecewakan tim yang telah membesarkan namanya di pentas MotoGP.""Tentu saya bakal memberikan segalanya, apa pun yang saya bisa. Saya yakin dengan daya motor Ducati GP16, kami dapat mencapai hasil yang bagus,"" ujarnya.","2016-05-18 14:10:00","liputan6","Sports","online","Cakrayuri Nuralam",,
"5","08c00a421c032fede491e9a6a18570ec5c9d897b","Meme Kocak Teletubbies Bikin Ngakak Parah","http://remaja.suaramerdeka.com/2016/05/18/meme-kocak-teletubbies-bikin-ngakak-parah/",,"0000-00-00 00:00:00","remaja.suaramerdeka.","2016-05-18 09:30:30","online",,,
"5","08c8d403fd324006964a9f54a897ed92ee698b82","Firasat Anak Deddy Dores","http://life.viva.co.id/showbiz/read/773679-firasat-anak-deddy-dores","VIVA.co.id –  Deddy Dores meninggal dunia di usia 65 tahun. Musisi ini meninggal karena penyakit jantung. Diakui salah satu anak Deddy, Calvin, sebelum ayahnya menghembuskan napas terakhir, ia merasa tidak tenang. Ia juga sempat ketakutan mendapat kabar sedih.""Sekitar tiga hari susah tidur, bilang ke mama takut ada kabar kayak tahun lalu kakek meninggal,"" kata Calvin di kediaman Deddy di kawasan Bintaro, Rabu, 18 Mei 2016.Calvin memang sangat dekat dengan ayahnya tersebut. Deddy memberikan banyak masukan dan juga ilmu soal musik kepada Calvin. Tak hanya itu, Deddy juga selalu memberikan sejumlah pesan kepada Calvin agar anaknya itu dewasa dan mandiri. ""Papa bilang 'kamu harus bisa sendiri tanpa papa'. Tapi selama ini enggak ngeh, karena selama ini nempelin papa, nyupirin dia, temenin dia bolak-balik keluar kota,"" kenang Calvin.Calvin berharap dia dapat meneruskan jejak sang ayah di dunia musik. Walau tidak mudah, ia bertekad untuk mampu berkarya. ""Selama ini jujur bikin band tanpa papa, saya mau nyoba sendiri tapi memang susah, enggak gampang karena saya apa adanya,"" tutur Calvin.","2016-05-18 08:28:00","vivanews","VIVALIFE","online","Finalia Kodrati,Nuvola Gloria",,
"1","09150878a1075a5808333fbc208f4474c0b85fc2","Polisi Bongkar Kasus Perkosaan Ayah ke Anak Berkat WhatsApp","http://metro.news.viva.co.id/news/read/773258-polisi-bongkar-kasus-perkosaan-ayah-ke-anak-berkat-whatsapp","VIVA.co.id – Polisi terus mendalami keterangan Sukendar, pelaku pencabulan terhadap anak kandungnya sendiri hingga hamil. Menurut hasil penyidikan sementara, Sukendar tega menggauli putri semata wayangnya itu lantaran kurang puas dengan 'pelayanan' sang istri.""Pengakuannya begitu, istrinya suka nolak ketika diajak berhubungan intim. Tapi menurut saya, itu bukan alasan, sebab pelaku telah melakukan pencabulan sejak usia korban 10 tahun. Ini cukup berat,"" kata Kasat Reskrim Polresta Depok, Komisaris Teguh Nugroho, Selasa, 17 Mei 2016.Korban berinisial ANO yang kini usianya 19 tahun telah mengandung anak pelaku, yang tak lain adalah ayah kandungnya sendiri. Menurut keterangannya,  usia kandungan korban telah mencapai dua bulan. Namun lagi-lagi, entah setan apa yang ada di otaknya, Sukendar pun kembali memaksa korban untuk berbuat dosa dengan menggugurkan kandungannya.""Iya, korban sempat dipaksa meminum obat pelancar haid sebanyak lima butir. Tapi janinnya kuat. Kemudian pelaku sempat memaksanya minum jamu, tapi itu belum dilakukan,"" kata Teguh.Setelah sekian lama digauli, ANO pun akhirnya hamil. Kasusnya terungkap setelah sepupu korban mendapati pesan singkat dari HP korban yang berisi kalimat cabul dari si pelaku (Sukendar).""Tulisannya, si pelaku berkata mau ‘dikeluarin’ di dalam apa di luar. Nah, pesan WhatsApp itulah yang menjadi kunci dari kasus ini,"" ujar Teguh.Saat ini, polisi tengah mendalami proses penyidikan. Kasusnya ditangani Unit Perlindungan Perempuan dan Anak Polresta Depok. Polisi juga berencana akan memeriksa kejiwaan tersangka.""Tentunya akan kami jerat dengan undang-undang perlindungan anak. Ancamannya di atas 15 tahun,"" ucap Teguh.Berbekal ancaman, Sukendar pun dengan leluasa melampiaskan nafsu bejatnya saat rumah kontrakan dalam keadaan sepi, ketika ibu korban yang merupakan istri pelaku, pergi ke kampung halaman untuk merawat mertua, yang tak lain adalah ayah Sukendar.""Korban awalnya kerap dipaksa. Sempat berupaya melawan tapi tak sanggup. Yang bersangkutan (si tersangka) diduga kerap melakukan perbuatan cabulnya saat ibu korban pergi merawat mertua, atau saat rumah sepi,"" kata Kapolresta Depok, Ajun Komisaris Besar Polisi Harry Kurniawan.(ren)","2016-05-17 10:45:00","vivanews","METRO","online","Siti RuqoyahZahrul Darmawan (Depok)",,
"3","091beeefc753778fb0f3155913ac283742c16959","Ini Komentar Luhut Tentang Munaslub Golkar","http://photo.liputan6.com/news/ini-komentar-luhut-tentang-munaslub-golkar-2509407","Menteri Koordinator Politik, Hukum dan Keamanan, Luhut Binsar Pandjaitan saat wawancara khusus di SCTV Tower, Jakarta, Selasa (17/5) Luhut berbagi cerita tentang masalah komunis, Poso dan pemilihan Ketua Partai Golkar. (Liputan6.com/Herman Zakharia)Menkopolhukam Luhut Binsar Pandjaitan saat wawancara khusus di SCTV Tower, Jakarta, Selasa (17/5). Luhut mengatakan Jokowi tidak berpihak kepada siapa pun, pada calon ketua umum Golkar. (Liputan6.com/Herman Zakharia)Menkopolhukam Luhut Binsar Pandjaitan saat wawancara khusus di SCTV Tower, Jakarta, Selasa (17/5). Luhut membantah dirinya melakukan intervensi terhadap pemilihan Ketua Umum Partai Golkar. (Liputan6.com/Herman Zakharia)Menkopolhukam Luhut Binsar Pandjaitan saat wawancara khusus di SCTV Tower, Jakarta, Selasa (17/5). Luhut mengatakan mundurnya Ade Komarudin dari calon Ketua Umum Partai Golkar sebagai bentuk kedewasaan. (Liputan6.com/Herman Zakharia)Menkopolhukam Luhut Binsar Pandjaitan saat wawancara khusus di SCTV Tower, Jakarta, Selasa (17/5). Luhut mengatakan pemerintah siap bekerjasama dengan Ketua Umum Partai Golkar terpilih untuk kemajuan bangsa. (Liputan6.com/Herman Zakharia)Menkopolhukam Luhut Binsar Pandjaitan saat wawancara khusus di SCTV Tower, Jakarta, Selasa (17/5). Luhut mengatakan Jokowi tidak berpihak kepada siapa pun, pada calon ketua umum Golkar. (Liputan6.com/Herman Zakharia)Menteri Koordinator Politik, Hukum dan Keamanan, Luhut Binsar Pandjaitan saat wawancara khusus di SCTV Tower, Jakarta, Selasa (17/5) Luhut berbagi cerita tentang masalah komunis, Poso dan pemilihan Ketua Partai Golkar. (Liputan6.com/Herman Zakharia)","2016-05-17 23:12:00","liputan6","News","online","Herman Zakharia",,
"5","0927f1894b490f41804c2f69a48886553005bfaf","Berlibur ke Telaga Sarangan, Jangan Lewatkan Sarang Emas","https://travel.tempo.co/read/news/2016/05/17/198771503/berlibur-ke-telaga-sarangan-jangan-lewatkan-sarang-emas","TEMPO.CO, Magetan - Berwisata identik dengan membeli oleh-oleh. Jika Anda berkunjung ke Telaga Sarangan di lereng Gunung Lawu, Kecamatan Plaosan, Kabupaten Magetan, Jawa Timur, ada beberapa macam buah tangan yang bisa dibeli dan dibawa pulang.  Oleh-oleh yang bisa dibeli di kawasan lokasi wisata ini ialah kue sarang madu dan sarang emas. Sarang madu merupakan makanan berbahan baku ubi jalar yang diparut sehingga berbentuk memanjang dan tipis. Lantas, ubi jalar itu dicampur dengan tepung terigu dan tepung beras. Adonan dibentuk bulat menggunakan tangan sehingga menyerupai sarang lebah.  ‘’Kemudian di-oven. Setelah matang, ditaburi air gula aren di permukannya,’’ kata Sayem Mimin, pedagang oleh-oleh, saat ditemui Tempo, Minggu, 15 Mei 2016.  Sedangkan sarang emas berbahan baku ubi jalar berwarna ungu. Proses pembuatannya sama dengan sarang madu. Dua makanan itu, menurut Sayem, merupakan hasil produksi warga Kelurahan Sarangan. Adapun harga per bungkus, yang berisi enam buah sarang madu dan sarang emas, berkisar Rp10-12 ribu.  Baca juga: Oleh-oleh Khas Madiun Bukan Cuma Brem, Cek Daftar Berikut   Menurut Sayem, dua jenis makanan ringan itu paling banyak dibeli wisatawan yang singgah di kiosnya. Produk yang terjual selama libur panjang atau akhir pekan bisa mencapai seribu bungkus per hari. Jumlah tersebut meningkat drastis seiring dengan membludaknya pengunjung Telaga Sarangan, yang berasal dari beberapa daerah di Jawa Timur dan Jawa Tengah.  Anda, yang berkunjung ke Magetan, juga bisa membeli buah tangan lainnya. Pusat oleh-oleh Alrista di Jalan Raya Sarangan, tepatnya di wilayah Desa Candirejo, Kecamatan Magetan, menyediakan beberapa makanan khas, seperti jenang, wajik, dan bolu.  Jenang dan wajik merupakan makanan dengan bahan baku ketan yang telah diolah. Pemilik toko oleh-oleh Alrista, Mursiyem, mengatakan produk dengan rasa manis tersebut paling laris dibandingkan makanan lain, yang dijual terutama saat liburan. “’Bisa mencapai 3.000 kemasan per hari,’’ tuturnya.  Harga per kemasan jenang dan wajik dibanderol Rp 9-11 ribu. Hal ini diseusaikan dengan ukuran dan berat produk yang dijual. Sedangkan harga roti bolu per kemasan dibanderol Rp 10 ribu. ‘’Kami memproduksi sendiri dan kebanyakan pembeli mencari oleh-oleh khas sini,’’ ucap Mursiyem.  NOFIKA DIAN NUGROHO","2016-05-17 04:32:00","tempo","travel","online",,,
"3","092e80529a25dbe50a0b9b7bea3e35d57c7c57fa","Aher: Dana PON Jawa Barat Rp 2,8 Triliun Belum Cair Juga","https://sport.tempo.co/read/news/2016/05/18/103772148/aher-dana-pon-jawa-barat-rp-2-8-triliun-belum-cair-juga","TEMPO.CO, Jakarta - Ketua Umum PB PON XIX/2016 Jawa Barat Ahmad Heryawan (Aher) berjanji semua lokasi pertandingan (venue) selesai pada akhir Juni 2016. ""Panitia Besar PON bisa melihat langsung ke lapangan nanti Juni selesai, sekarang 80 persen sudah selesai, 18 persen percepatan dan sisanya perpindahan,"" ujarnya di Gedung Sate, Bandung, Rabu 18 Mei 2016.Aher mengakui masih ada masalah di lokasi yang rencananya akan digunakan untuk pembukaan dan penutupan, yakni pada bangunan non-inti Stadion Bandung Lautan Api. ""Ada temuan di lapangan soal teknis, ada amblasan kawasan non-inti,"" tuturnya.Aher menjelaskan, tak ada problem dari lingkar dan struktur utama gedung, hanya pada struktur pendukung dan taman yang bermasalah dengan adanya penurunan tanah itu. Bangunan itu sedang diperbaiki lagi setelah mendapat izin dari Bareskrim Polri dan diharapkan dapat tetap digunakan untuk pembukaan dan penutupan, jelasnya. Sementara itu, untuk akses menuju venue, Aher menjanjikan akan selesai pada Agustus 2016. ""Jadi Juni ke sana tidak ada masalah venue, lalu awal Agustus tol sudah selesai. Kami terus memantau letak persoalan,"" ujar dia. Aher memastikan pemda Jabar berkomitmen dalam melaksanakan PON dan terus berkoordinasi. Semua persiapan dan pembangunan venue untuk PON, ujar Aher, memerlukan anggaran sebesar Rp2,8 triliun dari APBD dan Rp135 miliar dari APBN, tetapi belum cair. ""Saya tekankan biaya besar bukan penghamburan, misalnya Rp 800 miliar untuk penyelenggaraan. Infrastruktur venue ini memang jalan penunjang venue. Venue juga pasti digunakan,"" kata Aher.ANTARA","2016-05-18 19:43:00","tempo","sport","online",,,
"3","09394d331149370a9c9385e622aa1d13171ed19e","Alasan Ade Komarudin Mundur di Pemilihan Ketua Umum Golkar","https://nasional.tempo.co/read/news/2016/05/17/078771556/alasan-ade-komarudin-mundur-di-pemilihan-ketua-umum-golkar","TEMPO.CO, Jakarta - Ade Komarudin menjelaskan alasannya mundur sebagai calon Ketua Umum Golongan Karya setelah mendapat 173 suara dalam pemilihan pertama. ""Demokrasi itu harus memperkuat persatuan,"" katanya di Bali Nusa Dua Convention Center, Bali, Selasa, 17 Mei 2016.  Akom—sapaan Ade—berujar, demokrasi itu bukan untuk bercerai berai. Tapi, ucap dia, harus menjunjung tinggi kebersamaan dan gotong-royong.  Ketua Dewan Perwakilan Rakyat ini membantah sudah ada pikiran mundur saat masuk pemilihan putaran kedua. Menurut dia, proses pemilihan ini mengalir dan penting untuk kebaikan semua, terutama Partai Golkar yang sedang bersatu secara rekonsiliasi.  Kalau melanjutkan maju, ujar Akom, proses rekonsiliasi tidak akan terjadi. Alasannya, tutur dia, orang Indonesia tidak siap kalah. ""Siapnya cuma menang saja,"" katanya.""Ini kebaikan yang saya lakukan, karena saya mencintai partai ini.""  Sebelumnya, Ade menyatakan sudah berembuk dengan tim suksesnya saat mundur dari pemilihan. ""Saya lebih muda daripada Novanto,"" ucapnya. ""Masih ada kesempatan untuk saya pada masa mendatang.""  Ade juga berterima kasih kepada Partai Golkar yang menciptakan kreasi demokrasi dalam pemilihan ketua umum. Menurut dia, cara ini harus dilanjutkan. Semua peserta langsung riuh mendengar ucapan Ade.  Setelah membacakan pengunduran diri, Ade kembali duduk ke kursinya. Namun, sebelum itu, Ade menyalami Setya.  HUSSEIN ABRI YUSUF | BRAM SETIAWAN","2016-05-17 08:53:00","tempo","nasional","online",,,
"4","094db3ad7f58f4dc1146315b2783095b534f407d","Perangkat Windows 10 Mobile Akan Usung Fitur Pemindai Jari","http://tekno.liputan6.com/read/2506871/perangkat-windows-10-mobile-akan-usung-fitur-pemindai-jari",,"0000-00-00 00:00:00","tekno.liputan6.com","2016-05-15 05:09:07","online",,,
"1","095968b5f2fb4e2c5baf924167a62fa4939809fa","ENAM PLUS: Berniat Memerkosa, Pria di Cipinang Babak Belur Dihajar Warga","http://video.liputan6.com/news/enam-plus-berniat-memerkosa-pria-di-cipinang-babak-belur-dihajar-warga-2509103","Seorang pria babak belur setelah berniat memerkosa seorang wanita paruh baya ","2016-05-17 16:47:00","liputan6","News","online","Isna Setyanova",,
"3","09604c83b55f87a09cfc272e09ffb752e66f9e19","Ketua MPR-Kapolri Lantik 6.000 Satgas Anti Narkoba","http://news.detik.com/berita/3213423/ketua-mpr-kapolri-lantik-6000-satgas-anti-narkoba","Jakarta - Ketua MPR RI Zulkifli Hasan dan Kapolri Jenderal Badrodin Haiti hari ini melantik 6.000 lebih satgas narkoba di Lampung. Ini adalah bentuk perlawanan terhadap peredaran narkoba yang semakin merajalela.""Saya siang tadi bersama Kapolri melantik lebih dari 6.000 satgas anti narkoba di Lampung. Ini harus menjadi model untuk provinsi lain,"" kata Zulkifli kepada wartawan, Rabu (178/5/2016).Zulkifli menilai setiap daerah nantinya harus punya satgas antinarkoba. Karena peredaran narkoba sudah sangat mengkhawatirkan dan menimbulkan kejahatan.""Karena kita sudah darurat narkoba, juga miras, yang anak kandungnya juga melahirkan tindakan kekerasan seksual, pemerkosaan, bahkan kematian,"" kata Zulkifli""Jadi kami berharap satgas anti narkoba di Lampung ini dicontoh di provinsi lainnya untuk membebaskan negara dari darurat narkoba,"" tegasnya.Ketum PAN ini kemudian bicara soal kecaman hukuman mati para bandar narkoba karena diangap melanggar HAM. Menurut dia, bangsa Indonesia mempunyai dasar kuat tentang hal tersebut dan tidak perlu dikte dari orang bangsa lain.""Memang orang-orang Eropa mengecam hukuman mati karena melanggar HAM. Saya bilang jangan diajari Indonesia tentang HAM. Islam mengatakan, jangan kan orang, memberi minum hewan kehausan itu pahala, dan menebang pohon tak bersalah itu dosa,"" jawab Zul.""Setuju nggak setuju. Kami tetap mendukung Jaksa Agung untuk menghukum mati pengedarnya,"" pungkasnya.						(van/tor)","2016-05-18 08:50:00","detik","Berita","online",,"(van/tor)",
"3","0965c155c2e01860740fde966f105a1747156a31","Dua Alutsista Ini Bakal Perkuat Militer Rusia","http://dunia.news.viva.co.id/news/read/773575-dua-alutsista-ini-bakal-perkuat-militer-rusia","VIVA.co.id – Di tengah ancaman Amerika Serikat dan NATO, Rusia harus bekerja keras melindungi kedaulatan dan wilayah yang menjadi pengaruhnya. Menjawab tantangan keamanan yang semakin kompleks, modernisasi militer adalah hal wajib dilakukan.Untuk itu, negeri Beruang Putih kini tengah mempersiapkan dua alat utama sistem persenjataan (alutsista), yaitu senapan serbu berkode Tokar-2 dan stasiun radar deteksi dini, Dnepr.Mengutip situs Sputniknews, Selasa, 17 Mei 2016, sebuah lembaga penelitian dan pengembangan yang berafiliasi dengan Kementerian Dalam Negeri Rusia telah resmi menawarkan senapan serbu ringan teranyar berkode Tokar-2.Senapan yang rencananya dipakai oleh pasukan khusus Rusia (Spetsnaz) pada akhir 2016 ini menelan biaya pembuatan sekitar US$386 ribu (setara Rp5,1 miliar).Senapan mesin kaliber 5,45 mm baru, yang diberi nama Kord-5,45, dirancang khusus sebagai senjata ringan dan kompak untuk pasukan khusus dalam pertempuran jarak dekat, seperti saat menyerbu bangunan musuh atau pun dalam perang kota.Panjang senapan mesin, dengan popor lipat dan tanpa flash suppressor (peredam cahaya) tidak lebih panjang dari 90 mm untuk laras panjang dan 750 mm untuk laras pendek, dengan berat tidak lebih dari tujuh kilogram.Daya sembur amunisi adalah sekitar 800-900 tembakan per menit, dengan sabuk amunisi yang berisi 60 amunisi, dan juga bisa menggunakan magasin amunisi senapan serbu AK-74 dan senapan mesin ringan RPK-74.“Mata” Rusia di Laut HitamSelain itu, dalam waktu bersamaan, Kementerian Pertahanan Rusia sedang memodernisasi stasiun radar peringatan dini (early warning system), Dnepr, yang terletak dekat Sevastopol, Crimea untuk mendeteksi kemungkinan peluncuran rudal dari Laut Hitam dan Mediterania.Namun, tidak diungkapkan biaya modernisasi dan mulai tugasnya stasiun radar andalan Uni Soviet di masa lalu ini. Dengan ""pulihnya"" Dnepr maka mampu melacak senjata hipersonik, kapal perusak serta rudal balistik musuh yang diluncurkan dari Laut Mediterania dan Laut Hitam pada rentang hingga 3.000 kilometer.Dnepr juga beroperasi pada pita frekuensi super tinggi yang diharapkan dapat mendongkrak efektivitas stasiun radar Rusia di kota Armavir, Armenia, yang beroperasi di pita frekuensi ultra tinggi.""Sebagai contoh, rudal jelajah Tomahawk milik AS harus menempuh jarak dua jam untuk mencapai Moskow. Nah, Dnepr akan mendeteksi rudal tersebut sebelum 'menyentuh' ibu kota Rusia,"" kata Vadim Kozyulin, pengamat militer Rusia.Stasiun Dnepr dibangun pada 1968 yang bertugas memantau wilayah Laut Hitam, Eropa Selatan dan Tengah, serta sebagian Timur Tengah. Usai Uni Soviet runtuh, Dnepr otomatis ""berpindah tangan"" ke Ukraina, namun Rusia masih bisa mempergunakannya dengan sistem sewa.Akan tetapi, pada 2009, Rusia membatalkan kesepakatan karena mereka sudah memiliki penggantinya dengan membangun stasiun radar Voronezh di Armavir, Armenia. Setelah Crimea direbut pada 2014, otomatis Dnepr menjadi milik Rusia hingga kini.","2016-05-18 07:03:00","vivanews","DUNIA","online","Lazuardhi Utama,Rebecca Reifi Georgina",,
"5","097e81382f28adb9830f37f0562cb1652ffd56ab","Hari Buku, Komunitas Pecinta Buku Kendari Gelar Bazar","https://nasional.tempo.co/read/news/2016/05/18/058771886/hari-buku-komunitas-pecinta-buku-kendari-gelar-bazar","TEMPO.CO, Kendari - Dalam rangka memperingati Hari Buku, sejumlah anak muda pecinta buku di Kota Lulo—julukan lain Kota Kendari—Sulawesi Tenggara, yang tergabung dalam Komunitas Sastra Muda (KSM), menggelar kegiatan bazar baca dan bazar buku.  Ratusan buku karya penulis dalam maupun luar negeri, yang merupakan koleksi pribadi anggota komunitas, bisa dibaca secara gratis. Kegiatan ini berlangsung pada Selasa sore, 17 Mei 2016, di pelataran taman kota, depan kantor Wali Kota Kendari.  Koordinator Komunitas Sastra Muda (KSM), Mutmainnah, mengatakan kegiatan ini bertujuan untuk memotivasi masyarakat meningkatkan minat baca. Kegiatan bazar baca, menurut Imut, sapaan akrab Mutmainah, rutin dilakukan sejak komunitas ini berdiri pada awal 2016. Dalam sebulan, mereka bisa menggelar kegiatan ini dua hingga tiga kali. Akhir pekan dipilih sebagai waktu menggelar bazar.  Ruang publik terbuka menjadi pilihan komunitas, yang anggotanya berasal dari beragam profesi dan latar belakang, ini. Imut menyebut, anggotanya berasal dari kalangan penulis, seniman, pengusaha, pegawai negeri.   “Intinya kami memilih mendatangi orang-orang dengan tujuan mengajak mereka membaca. Sejauh ini, respons mereka positif, meski minat baca warga Kota Kendari masih minim,"" kata perempuan lulusan Sastra Inggris Universitas Hasanuddin ini kepada Tempo.  Selain menggelar bazar baca, menurut Imut, mereka menggelar diskusi  dengan tema “Bagaimana Buku Mempengaruhi Hidupmu”.  Budur, pengunjung, mengetahui kegiatan ini dari kawannya, yang memang lebih dulu bergabung dengan KSM. Menurut mahasiswa Fakultas Ilmu Budaya dan Sastra Inggris Universitas Haluoleo Kendari ini, minat baca anak muda sangat rendah.  Buku bacaan sulit didapat. Mengetahui komunitas ini menggelar bazar buku, Budur antusias hadir sekaligus membaca buku-buku yang dipamerkan oleh anggota komunitas.  ROSNIAWANTY FIKRI","2016-05-18 04:50:00","tempo","nasional","online",,,
"1","098eabb9d956ff9cf66222f7d8dc778a7dacfcc8","Evakuasi Jenazah Teroris : Video Okezone News","http://news.okezone.com/play/74713/evakuasi-jenazah-teroris","Satuan petugas Tinombala 2016 berhasil mengevakuasi dua jenazah terduga teroris kelompok Santoso di Poso, Sulawesi Tengah.","2016-05-17 17:00:00","okezone","video news","online",,,
"2","099e8c7592aff8a54dfbe65de23091587651b45e","Hot Sport: Rossi Tak Bisa Sembunyikan Kekaguman kepada Calon Bintang F1","http://news.okezone.com/read/2016/05/17/37/1390936/hot-sport-rossi-tak-bisa-sembunyikan-kekaguman-kepada-calon-bintang-f1","PERHATIAN para pencinta Formula One (F1) saat ini sedang mengarah kepada satu nama, Max Verstappen. Kesuksesan driver belia Red Bull tersebut menciptakan sejarah di ajang F1 mengundang banyak decak kagum.Verstappen baru saja memenangi GP Spanyol di Sirkuit Barcelona, Katalunya, pada akhir pekan lalu. Ia mencatatkan namanya sebagai juara termuda F1, tepatnya di usia 18 tahun 228 hari. Pembalap asal Belanda itu mematahkan rekor yang sebelumnya dipegang Sebastian Vettel.Rupanya, kekaguman kepada Verstappen tidak hanya ditunjukkan para pencinta F1, melainkan juga dari sesama pelaku kompetisi motorsport lain yakni MotoGP. Rider legendaris Valentino Rossi tak kuasa menahan diri untuk tidak memuji performa impresif Verstappen.Kekaguman Rossi dituliskan di akun Twitter pribadinya. The Doctor menilai debut Verstappen bersama Tim Red Bull, berjalan dengan baik. VR46 merasa driver kelahiran Belgia itu sudah mencatatkan sejarah.Perlu diketahui, balapan di Spanyol lalu merupakan balapan perdana Verstappen bersama Tim Red Bull. Di empat seri awal musim 2016, putra dari eks pembalap Jos Verstappen itu masih membela Toro Rosso.Keputusan Red Bull membawa Verstappen ke timnya berbuah manis karena langsung memberikan podium pertama. Catatan ini pun membuat Verstappen mampu menyamai rekor yang pernah dicetak Fernando Alonso pada 2010.										window._ttf = window._ttf || [];										_ttf.push({											   pid          : 33022											   ,lang        : 'en'											   ,slot        : '#contentx p'											   ,format      : 'inread'											   ,mobile      : false											   ,minSlot     : 2											   ,components  : { mute: {delay :0}, skip: {delay :0} }											   ,css         : 'margin: 15px 0px;'										});										(function (d) {												var js, s = d.getElementsByTagName('script')[0];												js = d.createElement('script');												js.async = true;												js.src = '//cdn.teads.tv/media/format.js';												s.parentNode.insertBefore(js, s);										})(window.document);","2016-05-17 12:20:00","okezone","f1 & a1","online","Zanel Farha Wilda",,
"1","09b02af35c29d66c08a6e838ca922fc639ba1ba3","Top 3: Pelukan Akhir Kekasih Sebelum Bunuh Wanita dengan Cangkul","http://news.liputan6.com/read/2509290/top-3-pelukan-akhir-kekasih-sebelum-bunuh-wanita-dengan-cangkul","Liputan6.com, Tangerang - Peristiwa pembunuhan sadis wanita muda di Tangerang, Enno Parihah (18), menyita perhatian pembaca Liputan6.com sepanjang hari ini, Selasa (17/5/2016).Dua berita tentang pembunuhan sadis yang dilakukan 3 tersangka, satu di antarannya siswa SMP, menjadi berita terpopuler di kanal News. Berita pertama tentang keinginan sang kekasih untuk memeluk Enno sebelum akhirnya membunuh buruh pabrik plastik itu. Berita kedua tentang kabar perjodohan yang membuat sang kekasih, IH, gelap mata karena tidak terima Enno jatuh ke tangan pria lain. Satu berita lainnya yang juga jadi populer yakni tentang Ade Komarudin yang mengalah pada lawan terkuatnya, Setya Novanto, dalam bursa pemilihan Ketua Umum Partai Golkar.Berikut berita terpopuler sepanjang hari ini yang dirangkum dalam Top 3 News:1. Pelukan Akhir Kekasih Sebelum Wanita Muda Tewas dengan CangkulTim gabungan Polda Metro Jaya dan Polres Metro Kota Tangerang mengungkap pembunuhan wanita dengan cangkul Enno Parihah (18).Masalah perjodohan ada di balik pembunuhan sadis Enno Parinah (18), buruh pabrik plastik di Tangerang ini.Kasat Reskrim Polres Metro Tangerang Ajun Komisaris Besar Sutarmo mengatakan, sebelumnya korban sempat mengabarkan kepada IH bahwa dia akan dijodohkan.Karena itu IH menghubungi korban via pesan singkat dan meminta bertemu untuk memeluk dan mencium korban terakhir kalinya.""Karena itu saat IH datang ke mess, korban membukakan pintu untuknya. IH juga sempat minta untuk berhubungan badan, tapi ditolak oleh korban,"" kata Sutarmo.Selengkapnya...2. Kabar Perjodohan Enno Pembawa PetakaNasib Enno Parinah mungkin tak akan setragis ini andaikan dia tidak memberi tahu kekasihnya yang masih remaja jika dia dijodohkan dengan pria lain.Kekasihnya, IH yang masih duduk di bangku SMP tidak terima gadis berusia 18 tahun itu jatuh ke tangan pria lain.IH yang masih berusia 15 tahun itu marah. Sekonyong-konyong dia meninggalkan mess tempat Enno tinggal.Saat di perjalanan pulang, IH bertemu RAH dan MA. Keduanya mengajak IH untuk membunuh korban.Jasad Enno ditemukan dalam kondisi bugil dan terdapat gagang cangkul menancap di bagian tubuh yang diduga sengaja dilakukan pelaku.Selengkapnya...3. Akom Mengalah, Setya Novanto Ketua Umum GolkarCalon Ketua Umum Partai Golkar Ade Komarudin mengalah pada lawan terkuatnya, Setya Novanto. Pria yang akrab disapa Setnov itu pun terpilih sebagai Ketum Golkar setelah Akom mengalah sebelum pemilihan putaran kedua.""Untuk kebesaran partai, selamat kepada Pak Novanto. Ini untuk kebesaran Partai Golkar. Mohon doanya,"" kata Akom di Munaslub Golkar,  Bali, Selasa (17/5/2016).Oleh karena itu, sidang munaslub menetapkan Setya Novanto sebagai Ketua Umum Partai Golkar periode 2016-2019.Selengkapnya...","2016-05-17 19:30:00","liputan6","Peristiwa","online","Pramita Tristiawati",,
"3","09c2a9b9338611e981bb56e4247f872602fc6817","Yusril Berharap Ahok Tak Ditahan KPK Sebelum Bertarung","http://metro.news.viva.co.id/news/read/773426-yusril-berharap-ahok-tak-ditahan-kpk-sebelum-bertarung","VIVA.co.id – Ketua Umum Partai Bulan Bintang (PBB), Yusril Ihza Mahendra, berharap Gubernur DKI Jakarta, Basuki Tjahaja Purnama alias Ahok, tidak tersandung kasus hukum di Komisi Pemberantasan Korupsi (KPK). Menurut Yusril, apabila Ahok tersangkut kasus, maka tidak ada persaingan yang sengit dalam memperebutkan kursi gubernur pada Pemilihan Kepala Daerah 2017 di Ibu Kota.""Saya berharap Pak Ahok tidak menghadapi masalah hukum, misalnya sampai dinyatakan tersangka, sampai ditahan KPK. Nanti saya enggak bisa bertanding secara fair (adil). Saya pikir kalau fair saya bisa memenangkan pertarungan ini,"" kata Yusril di kantor DPP PDIP, Jalan Diponegoro, Jakarta Pusat, Selasa 17 Mei 2016.Yusril sangat serius dalam kontes pemilihan calon Gubernur DKI Jakarta yang akan berlangsung tahun 2017. Bahkan, apabila Ahok menanyakan dia terkait pencalonannya itu, maka Yusril sangat siap sekali.""Kalau saya ditanya oleh Pak Ahok keseriusan, saya sangat serius. Saya sudah berjalan terlalu jauh untuk menganggap saya tidak serius dalam hal ini,"" kata mantan Menteri Hukum dan HAM itu.Dengan demikian, dia berharap dalam pemilihan calon Gubernur DKI Jakarta dapat dapat dilakukan secara adil, dan sesuai dengan aturan yang berlaku dan tidak ada kecurangan dalam merebutkan kursi DKI 1.""Jadi kalau menang kita akan katakan iya, kalau kita kalah saya katakan kalah,"" ujar Yusril.(Baca juga: Dites PDIP, Yusril Klaim Atasi Kerusuhan Ambon dan Bom Bali)(ren)","2016-05-17 15:36:00","vivanews","METRO","online","Bayu Adi Wicaksono,Syaefullah",,
"1","09c320b20e02237cd9057905f737e7d6fa85fd90","Seorang Pria Ditemukan Tewas di Ruang Tamu Bersama Mantan Istri","http://news.detik.com/berita/3212864/seorang-pria-ditemukan-tewas-di-ruang-tamu-bersama-mantan-istri","Mojokerto - Warga Dusun Kudur, Desa Kebontunggul, Kecamatan Gondang, Mojokerto mendadak gempar dengan ditemukannya Suprapto (43) yang tewas di ruang tamu rumah kakak iparnya, Selasa (17/5/2016) malam. Sementara mantan istri korban, Nurul Khifdiyah (41) ditemukan sekarat dengan luka parah di bagian kepala belakang. Diduga keduanya menjadi korban penganiayaan.Kakak ipar korban, Rofi'i menemukan kedua korban dalam kondisi tergeletak di ruang tamu rumahnya sekitar pukul 18.30 WIB. Menurut dia, Nurul ditemukan tak sadarkan diri dengan luka di kepala bagian belakang. Sementara Suprapto sudah tak bernyawa dengan luka di pelipis sebelah kanan.""Kejadiannya saya tidak tahu. Karena saya dan istri menjenguk saudara yang habis kecelakaan. Saat saya pulang ternyata korban sudah tergeletak di ruang tamu. Saya langsung membawa Nurul ke Rumah Sakit Sumberglagah,"" kata Rofi'i kepada detikcom.Rofi'i menjelaskan, memang sejak bercerai dengan Nurul sekitar dua bulan yang lalu, Suprapto numpang tinggal di rumahnya. Pasalnya, bapak empat anak itu memang asli Dusun Kudur. Sementara mantan istri korban tinggal bersama orang tuanya di Desa Pugeran, Kecamatan Gondang. Buah pernikahan kedua korban dikaruniai empat orang anak.""Adik saya ini sudah bercerai dengan istrinya. Saya tak tahu ada persoalan apa,"" ujarnya.Mendapat laporan warga, polisi datang ke lokasi untuk melakukan olah TKP. Petugas juga memintai keterangan sejumlah saksi terkait kasus ini.Kapolres Mojokerto AKBP Boro Windu Danandito yang memimpin olah TKP mengatakan, hasil pemeriksaan luar terhadap jenazah Suprapto hanya ditemukan luka memar di pelipis sebelah kanan. Pihaknya belum bisa memastikan penyebab kematian korban lantaran belum ada saksi yang melihat langsung kejadian ini.""Untuk penyebab kematian korban kami masih menunggu hasil visum. Yang jelas yang laki-laki ini korbannya,"" terangnya.Boro menuturkan, mantan istri korban mengalami luka di kepala bagian belakang. Diduga Nurul dipukul seseorang dengan benda tumpul. Korban belum bisa dimintai keterangan lantaran masih dirawat di RS Sumber Glagah.""Siapa yang melakukan penganiayaan ini masih kami selidiki. Anggota masih melakukan olah TKP untuk mencari barang bukti,"" tuturnya.Sementara Kasat Reskrim Polres Mojokerto AKP Budi Santoso menambahkan, kedatangan Nurul ke rumah Rofi'i untuk menemui Suprapto. Ibu empat anak itu hendak menjemput salah seorang putrinya yang kebetulan menginap di rumah tersebut.""Itu dibuktikan dengan adanya komunikasi di handphone korban. Bahwa mantan istrinya akan menjemput anaknya yang kecil,"" ungkapnya.Budi pun belum bisa memastikan penyebab kematian korban dan siapa pelaku penganiayaan ini. ""Tetangga ada yang mendengar korban perempuan berteriak minta tolong. Apakah saat itu terjadi cek-cok antara kedua korban atau ada orang lain, masih kami selidiki,"" pungkasnya.Pengamatan detikcom di lokasi, petugas yang melakukan olah TKP menyita sejumlah barang bukti dari lokasi kejadian. Antara lain, pakaian Suprapto, uang tunai milik Nurul Rp 3.055.000, kartu identitas korban, handphone korban serta sebuah linggis yang diduga menjadi alat untuk menghabisi nyawa Suprapto.Polisi mengevakuasi jenazah korban ke RSUD Dr Soekandar Mojosari untuk diautopsi. Sementara Rofi'i dan istrinya digelandang petugas ke kantor Polsek Gondang untuk dimintai keterangan. (dhn/dhn)","2016-05-17 18:39:00","detik","Berita","online",,"(dhn/dhn)",
"2","09c85df14b54fc9763ac0512e4a73d4800a8245b","Clinton Kalahkan Sanders di Kentucky","http://dunia.news.viva.co.id/news/read/773908-clinton-kalahkan-sanders-di-kentucky","VIVA.co.id – Kandidat Presiden dari Partai Demokrat, Hillary Clinton mengalahkan Bernie Sanders dalam pemilihan pendahuluan di Kentucky, Selasa malam waktu setempat. Dengan 99.84% suara yang terkumpul, Clinton memperoleh presentase sebesar 46.75%, menang tipis dari Sanders dengan perolehan suara 46.33%.Beberapa media setempat menunggu keterangan resmi dari Clinton terhadap kemenangan tersebut, namun Clinton mengumumkannya melalui akun twitter. ""Kami baru saja memenangkan Kentucky! Terima kasih kepada semua orang yang membantu. Kami selalu kuat jika bersatu.""Clinton berusaha untuk merebut kembali tidak hanya momentum di seluruh bangsa, tetapi juga keajaiban keluarga Clinton, yang membuatnya meraih kemenangan besar melebihi Barack Obama pada tahun 2008.Para pemilih di wilayah Oregon juga mengikuti pemilihan pendahuluan pada Selasa. Dengan lebih dari setengah suara dihitung, Sanders memimpin dengan perolehan 52% suara, sedangkan Clinton meraih 47%.Dilansir dari USAtoday, Rabu, 18 Mei 2016, di Kentucky, 55 kursi delegasi diperebutkan. Clinton dan Sanders nantinya akan mendapatkan masing-masing 25. Selain itu, Demokrat juga memiliki lima delegasi super, dua di antaranya telah menjanjikan dukungan mereka untuk Clinton. Dua orang lain belum menentukan siapa yang mereka pilih, dan delegasi kelima belum diumumkan.Persaingan antara Clinton, mantan ibu negara, Menteri Luar Negeri dan Senator, dengan Sanders yang seorang senator dari Vermont adalah yang pertama, yang benar-benar memperebutkan delegasi demokratis di Kentucky, sejak negara tersebut mengambil bagian dalam Super Tuesday 1988.Sanders mendominasi di Timur dan Barat Kentucky terutama di ladang batubara, sementara Clinton memenangkan daerah perkotaan dan wilayah bagian tengah negara. Clinton telah menunjukan performa terbaiknya di tempat dengan populasi Afrika-Amerika yang cukup besar di seluruh negeri.(ren)","2016-05-18 15:08:00","vivanews","DUNIA","online","Endah Lismartini,Dinia Adrianjara",,
"4","09cb80554aec39a6ba09b7e676fe394c1e768d69","Ini Alasan Aneh Seseorang Bisa Jatuh Cinta","http://log.viva.co.id/news/read/773237-ini-alasan-aneh-seseorang-bisa-jatuh-cinta","VIVA.co.id – Mencintai dan dicintai memang indah rasanya, bukan? Ya, setiap orang pasti pernah merasakan yang namanya jatuh cinta. Ketika rasa itu datang, kita seolah merasa orang paling bahagia di muka bumi ini.Ketika Anda mencintai seseorang, pasti ada beberapa hal yang membuat Anda jatuh cinta kepadanya. Misalnya saja wajahnya, rambutnya, perilakunya, atau mungkin hartanya. Tapi itu sudah umum menjadi penyebab seseorang jatuh cinta.Dalam sebuah artikel yang ditulis oleh seorang psikolog bernama Maggie Zhang seperti dikutip Business Insider, mengungkapkan beberapa alasan aneh seseorang bisa jatuh cinta.Baca selengkapnya...","2016-05-17 10:25:00","vivanews","VLOG","online","Dian Lestari Ningsih",,
"2","09d38129d8042dc918ee881f04de986dc7ef3629","Juventus Larang Bonucci Bela Timnas Italia","http://www.viva.co.id/bola/read/773421-juventus-larang-bonucci-bela-timnas-italia","VIVA.co.id – Juventus melarang pemain andalannya, Leonardo Bonucci, untuk membela timnas Italia yang dipersiapkan tampil di Piala Eropa 2016. Sebelumnya, bek 29 tahun ini masuk skuat tim besutan Antonio Conte itu untuk menjalani pemusatan latihan di Coverciano.Italia akan melakoni pemusatan latihan 3 hari, terhitung sejak Rabu, 18 Mei 2016. Tak ada pemain dari AC Milan, Juventus, dan Paris Saint-Germain, yang masih akan tampil di final piala domestik.Namun, Conte tetap memanggil Bonucci. Mantan pemain Bari ini mendapat akumulasi kartu, sehingga tak bisa membela Juventus melawan AC Milan di final Coppa Italia, 21 Mei 2016.Menurut laporan La Gazzetta dello Sport, Juve tetap melarang Bonucci pergi. Bianconeri merasa tak punya kewajiban melepas pemainnya, karena agenda ini di luar kalender resmi FIFA. Juve merasa, Bonucci terlalu penting untuk dilepas jika hanya untuk berlatih bersama Gli Azzurri.Untuk pemusatan latihan nanti, Conte telah memanggil 28 pemain. Tujuh di antaranya merupakan pemain debutan.(Baca juga: Jelang Piala Eropa, Italia Panggil 7 Pemain Debutan)Conte akan mengumumkan skuat sementara untuk Piala Eropa, Senin 23 Mei 2016. Gli Azzurri dijadwalkan untuk melakoni dua partai persahabatan, sebelum tampil di Prancis.Italia akan menghadapi Skotlandia di Ta' Qali National Stadium, Malta, 29 Mei 2016. Setelah itu, mereka akan menjamu Finlandia di Stadion Marc'Antonio Bentegodi, 6 Juni 2016.Italia tergabung di Grup E di Piala Eropa. Mereka akan bersaing dengan Belgia, Republik Irlandia, dan Swedia. (one)","2016-05-17 15:03:00","vivanews","VIVABOLA","online","Luzman Rifqi Karami",,
"1","09d3a2e135b53c49f0a34b70f2a59bdc99bdd730","Industri Rumahan di Bibir Kali Ciliwung Segera Direlokasi","http://news.metrotvnews.com/metro/GNGXMZrb-industri-rumahan-di-bibir-kali-ciliwung-segera-direlokasi",,"0000-00-00 00:00:00","news.metrotvnews.com","2016-05-18 17:02:45","online",,,
"3","09fe17592a381e36caf5dd0bcb731f6679341f68","Selamati Presiden Terpilih Rodrigo Duterte, Obama Puji Pemilu Filipina","http://news.detik.com/internasional/3213100/selamati-presiden-terpilih-rodrigo-duterte-obama-puji-pemilu-filipina","Washington - Presiden Amerika Serikat (AS) Barack Obama menelepon presiden terpilih Filipina, Rodrigo Duterte, untuk mengucapkan selamat. Obama memuji pemilu Filipina sebagai praktik demokrasi yang bersemangat.""(Obama) Menyoroti nilai-nilai yang mempertahankan aliansi yang berkembang pesat dengan Filipina... termasuk komitmen bersama untuk demokrasi, Hak Asasi Manusia (HAM), penegakan hukum dan pertumbuhan ekonomi inklusif,"" sebut Gedung Putih soal percakapan Obama dengan Duterte via telepon, seperti dilansir AFP, Rabu (18/5/2016).""Kedua pemimpin memastikan keinginan mereka untuk melihat hubungan kedua negara terus berlanjut, pada dasar prinsip yang sama,"" imbuh pernyataan Gedung Putih.Baca juga: Gereja Katolik Kecam Niat Presiden Terpilih Filipina Terapkan Hukuman MatiDuterte (71) memenangi pemilihan presiden Filipina pada 9 Mei lalu. Selama ini, Duterte dituding sejumlah kelompok HAM telah mendalangi tim pembunuh bayaran selama menjabat Wali Kota Davao, nyaris selama dua dekade terakhir.Dalam pernyataannya, Duterte juga berulang kali menyatakan akan menindak tegas setiap pelanggar hukum, termasuk memberlakukan kembali hukuman mati di Filipina dan memerintahkan penembak jitu militer untuk membunuh para pelaku kriminal.Filipina selama ini menjadi salah satu sekutu terdekat AS, di kawasan Asia Tenggara. Namun Duterte mengindikasikan kemungkinan mengambil taktik lain.Baca juga: Presiden Terpilih Filipina Pertegas Akan Perintahkan Tembak Mati PenjahatDuterte mengatakan, terserah kepada otoritas AS untuk memperbaiki hubungan dengannya, setelah Duta Besar AS di Manila mengkritik leluconnya soal pemerkosaan. Beberapa waktu lalu, Duterte menyatakan ingin memperkosa seorang misionaris Australia yang tewas dalam kerusuhan penjara di Filipina tahun 1989 silam.Baru-baru ini, Duterte mengindikasikan terbuka menggelar perundingan langsung dengan China, membahas sengketa perairan Laut China Selatan. Sikap ini dianggap mengabaikan dukungan AS terhadap Filipina dalam isu ini. Duterte akan dilantik menjadi Presiden Filipina pada 30 Juni mendatang, menggantikan Benigno Aquino.Baca juga: Presiden Terpilih Filipina Duterte Ingin Jalin Hubungan Baik dengan China						(nvc/nrl)","2016-05-18 04:17:00","detik","Internasional","online",,"(nvc/nrl)",
